<featureType>
  <id>FeatureTypeInfoImpl-7b5ddcdd:18f19ff8e4b:-7ff9</id>
  <name>line_water</name>
  <nativeName>line_water</nativeName>
  <namespace>
    <id>NamespaceInfoImpl--3c18a398:18e7ff580ce:-7ffe</id>
  </namespace>
  <title>line_water</title>
  <keywords>
    <string>features</string>
    <string>line_water</string>
  </keywords>
  <nativeCRS class="projected">PROJCS[&quot;WGS 84 / Pseudo-Mercator&quot;, &#xd;
  GEOGCS[&quot;WGS 84&quot;, &#xd;
    DATUM[&quot;World Geodetic System 1984&quot;, &#xd;
      SPHEROID[&quot;WGS 84&quot;, 6378137.0, 298.257223563, AUTHORITY[&quot;EPSG&quot;,&quot;7030&quot;]], &#xd;
      AUTHORITY[&quot;EPSG&quot;,&quot;6326&quot;]], &#xd;
    PRIMEM[&quot;Greenwich&quot;, 0.0, AUTHORITY[&quot;EPSG&quot;,&quot;8901&quot;]], &#xd;
    UNIT[&quot;degree&quot;, 0.017453292519943295], &#xd;
    AXIS[&quot;Geodetic longitude&quot;, EAST], &#xd;
    AXIS[&quot;Geodetic latitude&quot;, NORTH], &#xd;
    AUTHORITY[&quot;EPSG&quot;,&quot;4326&quot;]], &#xd;
  PROJECTION[&quot;Popular Visualisation Pseudo Mercator&quot;, AUTHORITY[&quot;EPSG&quot;,&quot;1024&quot;]], &#xd;
  PARAMETER[&quot;semi_minor&quot;, 6378137.0], &#xd;
  PARAMETER[&quot;latitude_of_origin&quot;, 0.0], &#xd;
  PARAMETER[&quot;central_meridian&quot;, 0.0], &#xd;
  PARAMETER[&quot;scale_factor&quot;, 1.0], &#xd;
  PARAMETER[&quot;false_easting&quot;, 0.0], &#xd;
  PARAMETER[&quot;false_northing&quot;, 0.0], &#xd;
  UNIT[&quot;m&quot;, 1.0], &#xd;
  AXIS[&quot;Easting&quot;, EAST], &#xd;
  AXIS[&quot;Northing&quot;, NORTH], &#xd;
  AUTHORITY[&quot;EPSG&quot;,&quot;3857&quot;]]</nativeCRS>
  <srs>EPSG:3857</srs>
  <nativeBoundingBox>
    <minx>4099494.588567142</minx>
    <maxx>4108172.571063767</maxx>
    <miny>7537235.768142908</miny>
    <maxy>7546128.734678031</maxy>
    <crs class="projected">EPSG:3857</crs>
  </nativeBoundingBox>
  <latLonBoundingBox>
    <minx>36.82638646075133</minx>
    <maxx>36.904342103871734</maxx>
    <miny>55.89346022173934</miny>
    <maxy>55.93822961880854</maxy>
    <crs>EPSG:4326</crs>
  </latLonBoundingBox>
  <projectionPolicy>FORCE_DECLARED</projectionPolicy>
  <enabled>true</enabled>
  <metadata>
    <entry key="cachingEnabled">false</entry>
  </metadata>
  <store class="dataStore">
    <id>DataStoreInfoImpl-7b5ddcdd:18f19ff8e4b:-8000</id>
  </store>
  <serviceConfiguration>false</serviceConfiguration>
  <simpleConversionEnabled>false</simpleConversionEnabled>
  <internationalTitle/>
  <internationalAbstract/>
  <maxFeatures>0</maxFeatures>
  <numDecimals>0</numDecimals>
  <padWithZeros>false</padWithZeros>
  <forcedDecimal>false</forcedDecimal>
  <overridingServiceSRS>false</overridingServiceSRS>
  <skipNumberMatched>false</skipNumberMatched>
  <circularArcPresent>false</circularArcPresent>
</featureType>