<layer>
  <name>line_water</name>
  <id>LayerInfoImpl-7b5ddcdd:18f19ff8e4b:-7ff8</id>
  <type>VECTOR</type>
  <defaultStyle>
    <id>StyleInfoImpl-7b5ddcdd:18f19ff8e4b:-7ff4</id>
  </defaultStyle>
  <resource class="featureType">
    <id>FeatureTypeInfoImpl-7b5ddcdd:18f19ff8e4b:-7ff9</id>
  </resource>
  <attribution>
    <logoWidth>0</logoWidth>
    <logoHeight>0</logoHeight>
  </attribution>
  <dateCreated>2024-04-26 10:45:30.354 UTC</dateCreated>
  <dateModified>2024-04-26 10:48:40.387 UTC</dateModified>
</layer>