<layer>
  <name>istra_boundary</name>
  <id>LayerInfoImpl--3c18a398:18e7ff580ce:-7fc5</id>
  <type>VECTOR</type>
  <defaultStyle>
    <id>StyleInfoImpl--3c18a398:18e7ff580ce:-7fc4</id>
  </defaultStyle>
  <resource class="featureType">
    <id>FeatureTypeInfoImpl--3c18a398:18e7ff580ce:-7fc6</id>
  </resource>
  <attribution>
    <logoWidth>0</logoWidth>
    <logoHeight>0</logoHeight>
  </attribution>
  <dateCreated>2024-04-22 11:50:34.232 UTC</dateCreated>
  <dateModified>2024-04-22 11:55:30.386 UTC</dateModified>
</layer>