<layer>
  <name>kotelni</name>
  <id>LayerInfoImpl--3c18a398:18e7ff580ce:-7ff7</id>
  <type>VECTOR</type>
  <defaultStyle>
    <id>StyleInfoImpl--3c18a398:18e7ff580ce:-7fe4</id>
  </defaultStyle>
  <resource class="featureType">
    <id>FeatureTypeInfoImpl--3c18a398:18e7ff580ce:-7ff8</id>
  </resource>
  <attribution>
    <logoWidth>0</logoWidth>
    <logoHeight>0</logoHeight>
  </attribution>
  <dateCreated>2024-04-08 12:07:29.895 UTC</dateCreated>
  <dateModified>2024-04-22 12:03:03.241 UTC</dateModified>
</layer>