<layer>
  <name>power_substation</name>
  <id>LayerInfoImpl-7b5ddcdd:18f19ff8e4b:-7fd6</id>
  <type>VECTOR</type>
  <defaultStyle>
    <id>StyleInfoImpl-7b5ddcdd:18f19ff8e4b:-7fd5</id>
  </defaultStyle>
  <resource class="featureType">
    <id>FeatureTypeInfoImpl-7b5ddcdd:18f19ff8e4b:-7fd7</id>
  </resource>
  <attribution>
    <logoWidth>0</logoWidth>
    <logoHeight>0</logoHeight>
  </attribution>
  <dateCreated>2024-04-29 21:46:16.497 UTC</dateCreated>
  <dateModified>2024-04-29 21:49:36.907 UTC</dateModified>
</layer>