<dataStore>
  <id>DataStoreInfoImpl-1556fd99:18f19f2ef18:-8000</id>
  <name>kotelni</name>
  <description>kotelni</description>
  <type>GeoPackage</type>
  <enabled>true</enabled>
  <workspace>
    <id>WorkspaceInfoImpl--3c18a398:18e7ff580ce:-7fff</id>
  </workspace>
  <connectionParameters>
    <entry key="fetch size">1000</entry>
    <entry key="Expose primary keys">false</entry>
    <entry key="Batch insert size">1</entry>
    <entry key="database">file:data/my_workSpace_1/kotelni.gpkg</entry>
    <entry key="read_only">false</entry>
    <entry key="dbtype">geopkg</entry>
    <entry key="namespace">http://geoserver.my_workSpace_1.net</entry>
  </connectionParameters>
  <__default>false</__default>
  <dateCreated>2024-04-26 10:28:22.423 UTC</dateCreated>
  <disableOnConnFailure>false</disableOnConnFailure>
</dataStore>