<wcs>
  <id>WCSInfoImpl--3c18a398:18e7ff580ce:-7ffb</id>
  <workspace>
    <id>WorkspaceInfoImpl--3c18a398:18e7ff580ce:-7fff</id>
  </workspace>
  <enabled>true</enabled>
  <name>WCS</name>
  <title>Web Coverage Service</title>
  <maintainer>http://geoserver.org/comm</maintainer>
  <abstrct>This server implements the WCS specification 1.0 and 1.1.1, it&apos;s reference implementation of WCS 1.1.1. All layers published by this service are available on WMS also.</abstrct>
  <accessConstraints>NONE</accessConstraints>
  <fees>NONE</fees>
  <versions>
    <org.geotools.util.Version>
      <version>1.0.0</version>
    </org.geotools.util.Version>
    <org.geotools.util.Version>
      <version>1.1.1</version>
    </org.geotools.util.Version>
    <org.geotools.util.Version>
      <version>2.0.1</version>
    </org.geotools.util.Version>
  </versions>
  <keywords>
    <string>WCS</string>
    <string>GEOSERVER</string>
  </keywords>
  <metadataLink>
    <type>undef</type>
    <about>http://geoserver.sourceforge.net/html/index.php</about>
    <metadataType>other</metadataType>
  </metadataLink>
  <citeCompliant>false</citeCompliant>
  <onlineResource>http://geoserver.org</onlineResource>
  <schemaBaseURL>http://schemas.opengis.net</schemaBaseURL>
  <verbose>false</verbose>
  <gmlPrefixing>false</gmlPrefixing>
  <latLon>false</latLon>
  <maxInputMemory>0</maxInputMemory>
  <maxOutputMemory>0</maxOutputMemory>
  <defaultDeflateCompressionLevel>9</defaultDeflateCompressionLevel>
  <subsamplingEnabled>true</subsamplingEnabled>
  <overviewPolicy>IGNORE</overviewPolicy>
  <maxRequestedDimensionValues>100</maxRequestedDimensionValues>
</wcs>