<wms>
  <id>WMSInfoImpl--3c18a398:18e7ff580ce:-7ff9</id>
  <workspace>
    <id>WorkspaceInfoImpl--3c18a398:18e7ff580ce:-7fff</id>
  </workspace>
  <enabled>true</enabled>
  <name>WMS</name>
  <title>GeoServer Web Map Service</title>
  <maintainer>http://geoserver.org/comm</maintainer>
  <abstrct>A compliant implementation of WMS plus most of the SLD extension (dynamic styling). Can also generate PDF, SVG, KML, GeoRSS</abstrct>
  <accessConstraints>NONE</accessConstraints>
  <fees>NONE</fees>
  <versions>
    <org.geotools.util.Version>
      <version>1.1.1</version>
    </org.geotools.util.Version>
    <org.geotools.util.Version>
      <version>1.3.0</version>
    </org.geotools.util.Version>
  </versions>
  <keywords>
    <string>WMS</string>
    <string>GEOSERVER</string>
  </keywords>
  <metadataLink/>
  <citeCompliant>false</citeCompliant>
  <onlineResource>http://geoserver.org</onlineResource>
  <schemaBaseURL>http://schemas.opengis.net</schemaBaseURL>
  <verbose>false</verbose>
  <metadata>
    <entry key="disableDatelineWrappingHeuristic">false</entry>
    <entry key="kmlSuperoverlayMode">auto</entry>
    <entry key="kmlReflectorMode">refresh</entry>
    <entry key="svgAntiAlias">true</entry>
    <entry key="rootLayerInCapabilities">true</entry>
    <entry key="kmlPlacemark">false</entry>
    <entry key="kmlKmscore">40</entry>
    <entry key="mapWrapping">true</entry>
    <entry key="pngCompression">25</entry>
    <entry key="jpegCompression">25</entry>
    <entry key="advancedProjectionDensification">false</entry>
    <entry key="advancedProjectionHandling">true</entry>
    <entry key="kmlAttr">true</entry>
    <entry key="svgRenderer">Batik</entry>
    <entry key="MarkFactoryList"></entry>
    <entry key="scalehintMapunitsPixel">false</entry>
  </metadata>
  <bboxForEachCRS>false</bboxForEachCRS>
  <watermark>
    <enabled>false</enabled>
    <position>BOT_RIGHT</position>
    <transparency>0</transparency>
  </watermark>
  <interpolation>Nearest</interpolation>
  <getFeatureInfoMimeTypeCheckingEnabled>false</getFeatureInfoMimeTypeCheckingEnabled>
  <getMapMimeTypeCheckingEnabled>false</getMapMimeTypeCheckingEnabled>
  <dynamicStylingDisabled>false</dynamicStylingDisabled>
  <featuresReprojectionDisabled>false</featuresReprojectionDisabled>
  <maxBuffer>25</maxBuffer>
  <maxRequestMemory>65536</maxRequestMemory>
  <maxRenderingTime>60</maxRenderingTime>
  <maxRenderingErrors>1000</maxRenderingErrors>
  <maxRequestedDimensionValues>100</maxRequestedDimensionValues>
  <cacheConfiguration>
    <enabled>false</enabled>
    <maxEntries>1000</maxEntries>
    <maxEntrySize>51200</maxEntrySize>
  </cacheConfiguration>
  <remoteStyleMaxRequestTime>60000</remoteStyleMaxRequestTime>
  <remoteStyleTimeout>30000</remoteStyleTimeout>
  <defaultGroupStyleEnabled>true</defaultGroupStyleEnabled>
  <transformFeatureInfoDisabled>false</transformFeatureInfoDisabled>
  <autoEscapeTemplateValues>false</autoEscapeTemplateValues>
</wms>