<wmts>
  <id>WMTSInfoImpl--3c18a398:18e7ff580ce:-7ffc</id>
  <workspace>
    <id>WorkspaceInfoImpl--3c18a398:18e7ff580ce:-7fff</id>
  </workspace>
  <enabled>true</enabled>
  <name>WMTS</name>
  <title>GeoServer Web Map Tile Service</title>
  <maintainer>http://geoserver.org/com</maintainer>
  <abstrct>A compliant implementation of WMTS service.</abstrct>
  <accessConstraints>NONE</accessConstraints>
  <fees>NONE</fees>
  <versions>
    <org.geotools.util.Version>
      <version>1.0.0</version>
    </org.geotools.util.Version>
  </versions>
  <keywords>
    <string>WMTS</string>
  </keywords>
  <citeCompliant>false</citeCompliant>
  <onlineResource>http://geoserver.org</onlineResource>
  <schemaBaseURL>http://schemas.opengis.net</schemaBaseURL>
  <verbose>false</verbose>
</wmts>