<layer>
  <name>water_pump_station</name>
  <id>LayerInfoImpl-7b5ddcdd:18f19ff8e4b:-7ffc</id>
  <type>VECTOR</type>
  <defaultStyle>
    <id>StyleInfoImpl-7b5ddcdd:18f19ff8e4b:-7ff5</id>
  </defaultStyle>
  <resource class="featureType">
    <id>FeatureTypeInfoImpl-7b5ddcdd:18f19ff8e4b:-7ffd</id>
  </resource>
  <attribution>
    <logoWidth>0</logoWidth>
    <logoHeight>0</logoHeight>
  </attribution>
  <dateCreated>2024-04-26 10:43:57.880 UTC</dateCreated>
  <dateModified>2024-04-26 10:49:03.240 UTC</dateModified>
</layer>