<layer>
  <name>kotelni_lines</name>
  <id>LayerInfoImpl--3c18a398:18e7ff580ce:-7fc9</id>
  <type>VECTOR</type>
  <defaultStyle>
    <id>StyleInfoImpl--3c18a398:18e7ff580ce:-7fcd</id>
  </defaultStyle>
  <resource class="featureType">
    <id>FeatureTypeInfoImpl--3c18a398:18e7ff580ce:-7fca</id>
  </resource>
  <attribution>
    <logoWidth>0</logoWidth>
    <logoHeight>0</logoHeight>
  </attribution>
  <dateCreated>2024-04-22 11:48:43.442 UTC</dateCreated>
  <dateModified>2024-04-26 20:44:38.754 UTC</dateModified>
</layer>