<layer>
  <name>kotelni_zones</name>
  <id>LayerInfoImpl--3c18a398:18e7ff580ce:-7fd8</id>
  <type>VECTOR</type>
  <defaultStyle>
    <id>StyleInfoImpl--3c18a398:18e7ff580ce:-7fdc</id>
  </defaultStyle>
  <resource class="featureType">
    <id>FeatureTypeInfoImpl--3c18a398:18e7ff580ce:-7fd9</id>
  </resource>
  <attribution>
    <logoWidth>0</logoWidth>
    <logoHeight>0</logoHeight>
  </attribution>
  <dateCreated>2024-04-22 11:21:42.237 UTC</dateCreated>
  <dateModified>2024-04-22 11:39:41.9 UTC</dateModified>
</layer>