<layer>
  <name>power_lines</name>
  <id>LayerInfoImpl-7b5ddcdd:18f19ff8e4b:-7fdc</id>
  <type>VECTOR</type>
  <defaultStyle>
    <id>StyleInfoImpl-7b5ddcdd:18f19ff8e4b:-7fdb</id>
  </defaultStyle>
  <resource class="featureType">
    <id>FeatureTypeInfoImpl-7b5ddcdd:18f19ff8e4b:-7fdd</id>
  </resource>
  <attribution>
    <logoWidth>0</logoWidth>
    <logoHeight>0</logoHeight>
  </attribution>
  <dateCreated>2024-04-29 21:38:57.806 UTC</dateCreated>
  <dateModified>2024-04-29 21:44:30.905 UTC</dateModified>
</layer>