<layer>
  <name>water_get_node</name>
  <id>LayerInfoImpl-7b5ddcdd:18f19ff8e4b:-7ffa</id>
  <type>VECTOR</type>
  <defaultStyle>
    <id>StyleInfoImpl-7b5ddcdd:18f19ff8e4b:-7ff7</id>
  </defaultStyle>
  <resource class="featureType">
    <id>FeatureTypeInfoImpl-7b5ddcdd:18f19ff8e4b:-7ffb</id>
  </resource>
  <attribution>
    <logoWidth>0</logoWidth>
    <logoHeight>0</logoHeight>
  </attribution>
  <dateCreated>2024-04-26 10:45:07.641 UTC</dateCreated>
  <dateModified>2024-04-26 10:48:51.581 UTC</dateModified>
</layer>