<dataStore>
  <id>DataStoreInfoImpl-7b5ddcdd:18f19ff8e4b:-7fde</id>
  <name>power_line</name>
  <description>ЛЭП</description>
  <type>GeoPackage</type>
  <enabled>true</enabled>
  <workspace>
    <id>WorkspaceInfoImpl--3c18a398:18e7ff580ce:-7fff</id>
  </workspace>
  <connectionParameters>
    <entry key="fetch size">1000</entry>
    <entry key="Expose primary keys">false</entry>
    <entry key="Batch insert size">1</entry>
    <entry key="database">file:data/my_workSpace_1/power_line.gpkg</entry>
    <entry key="read_only">false</entry>
    <entry key="dbtype">geopkg</entry>
    <entry key="namespace">http://geoserver.my_workSpace_1.net</entry>
  </connectionParameters>
  <__default>false</__default>
  <dateCreated>2024-04-29 21:38:48.865 UTC</dateCreated>
  <disableOnConnFailure>false</disableOnConnFailure>
</dataStore>