<layer>
  <name>kotelni</name>
  <id>LayerInfoImpl-1556fd99:18f19f2ef18:-7ffe</id>
  <type>VECTOR</type>
  <defaultStyle>
    <id>StyleInfoImpl--3c18a398:18e7ff580ce:-7fe4</id>
  </defaultStyle>
  <resource class="featureType">
    <id>FeatureTypeInfoImpl-1556fd99:18f19f2ef18:-7fff</id>
  </resource>
  <attribution>
    <logoWidth>0</logoWidth>
    <logoHeight>0</logoHeight>
  </attribution>
  <dateCreated>2024-04-26 10:28:34.362 UTC</dateCreated>
  <dateModified>2024-04-26 10:28:48.795 UTC</dateModified>
</layer>